{"config": {"input_layers": [["input_10", 0, 0], ["input_11", 0, 0], ["input_12", 0, 0], ["state_noise", 0, 0], ["cell_noise", 0, 0]], "name": "model_8", "layers": [{"config": {"batch_input_shape": [null, null], "dtype": "float32", "name": "input_10", "sparse": false}, "name": "input_10", "inbound_nodes": [], "class_name": "InputLayer"}, {"config": {"batch_input_shape": [null, 256], "dtype": "float32", "name": "input_11", "sparse": false}, "name": "input_11", "inbound_nodes": [], "class_name": "InputLayer"}, {"config": {"batch_input_shape": [null, 256], "dtype": "float32", "name": "state_noise", "sparse": false}, "name": "state_noise", "inbound_nodes": [], "class_name": "InputLayer"}, {"config": {"batch_input_shape": [null, 256], "dtype": "float32", "name": "input_12", "sparse": false}, "name": "input_12", "inbound_nodes": [], "class_name": "InputLayer"}, {"config": {"batch_input_shape": [null, 256], "dtype": "float32", "name": "cell_noise", "sparse": false}, "name": "cell_noise", "inbound_nodes": [], "class_name": "InputLayer"}, {"config": {"embeddings_initializer": {"config": {"maxval": 0.05, "minval": -0.05, "seed": null}, "class_name": "RandomUniform"}, "input_dim": 4500, "activity_regularizer": null, "output_dim": 250, "trainable": true, "embeddings_constraint": null, "batch_input_shape": [null, null], "mask_zero": false, "input_length": null, "dtype": "float32", "name": "embedding_4", "embeddings_regularizer": null}, "name": "embedding_4", "inbound_nodes": [[["input_10", 0, 0, {}]]], "class_name": "Embedding"}, {"config": {"name": "add_7", "trainable": true}, "name": "add_7", "inbound_nodes": [[["input_11", 0, 0, {}], ["state_noise", 0, 0, {}]]], "class_name": "Add"}, {"config": {"name": "add_8", "trainable": true}, "name": "add_8", "inbound_nodes": [[["input_12", 0, 0, {}], ["cell_noise", 0, 0, {}]]], "class_name": "Add"}, {"config": {"bias_initializer": {"config": {}, "class_name": "Zeros"}, "bias_constraint": null, "activity_regularizer": null, "units": 256, "stateful": false, "return_sequences": true, "return_state": true, "name": "cu_dnnlstm_4", "kernel_initializer": {"config": {"distribution": "uniform", "scale": 1.0, "mode": "fan_avg", "seed": null}, "class_name": "VarianceScaling"}, "trainable": true, "recurrent_regularizer": null, "unit_forget_bias": true, "go_backwards": false, "kernel_regularizer": null, "kernel_constraint": null, "recurrent_initializer": {"config": {"gain": 1.0, "seed": null}, "class_name": "Orthogonal"}, "bias_regularizer": null, "recurrent_constraint": null}, "name": "cu_dnnlstm_4", "inbound_nodes": [[["embedding_4", 0, 0, {}], ["add_7", 0, 0, {}], ["add_8", 0, 0, {}]]], "class_name": "CuDNNLSTM"}, {"config": {"bias_initializer": {"config": {}, "class_name": "Zeros"}, "bias_constraint": null, "use_bias": true, "activity_regularizer": null, "units": 4500, "name": "dense_2", "kernel_initializer": {"config": {"distribution": "uniform", "scale": 1.0, "mode": "fan_avg", "seed": null}, "class_name": "VarianceScaling"}, "trainable": true, "activation": "softmax", "kernel_regularizer": null, "kernel_constraint": null, "bias_regularizer": null}, "name": "dense_2", "inbound_nodes": [[["cu_dnnlstm_4", 0, 0, {}]]], "class_name": "Dense"}], "output_layers": [["dense_2", 0, 0], ["cu_dnnlstm_4", 0, 1], ["cu_dnnlstm_4", 0, 2]]}, "backend": "tensorflow", "class_name": "Model", "keras_version": "2.2.2"}