{"config": {"input_layers": [["input_7", 0, 0]], "name": "model_5", "layers": [{"config": {"batch_input_shape": [null, null], "dtype": "float32", "name": "input_7", "sparse": false}, "name": "input_7", "inbound_nodes": [], "class_name": "InputLayer"}, {"config": {"embeddings_initializer": {"config": {"maxval": 0.05, "minval": -0.05, "seed": null}, "class_name": "RandomUniform"}, "input_dim": 4500, "activity_regularizer": null, "output_dim": 250, "trainable": true, "embeddings_constraint": null, "batch_input_shape": [null, null], "mask_zero": false, "input_length": null, "dtype": "float32", "name": "embedding_3", "embeddings_regularizer": null}, "name": "embedding_3", "inbound_nodes": [[["input_7", 0, 0, {}]]], "class_name": "Embedding"}, {"config": {"layer": {"config": {"bias_initializer": {"config": {}, "class_name": "Zeros"}, "bias_constraint": null, "activity_regularizer": null, "units": 128, "stateful": false, "return_sequences": false, "return_state": true, "name": "cu_dnnlstm_3", "kernel_initializer": {"config": {"distribution": "uniform", "scale": 1.0, "mode": "fan_avg", "seed": null}, "class_name": "VarianceScaling"}, "trainable": true, "recurrent_regularizer": null, "unit_forget_bias": true, "go_backwards": false, "kernel_regularizer": null, "kernel_constraint": null, "recurrent_initializer": {"config": {"gain": 1.0, "seed": null}, "class_name": "Orthogonal"}, "bias_regularizer": null, "recurrent_constraint": null}, "class_name": "CuDNNLSTM"}, "name": "bidirectional_2", "trainable": true, "merge_mode": "concat"}, "name": "bidirectional_2", "inbound_nodes": [[["embedding_3", 0, 0, {}]]], "class_name": "Bidirectional"}, {"config": {"name": "concatenate_5", "trainable": true, "axis": -1}, "name": "concatenate_5", "inbound_nodes": [[["bidirectional_2", 0, 1, {}], ["bidirectional_2", 0, 3, {}]]], "class_name": "Concatenate"}, {"config": {"name": "concatenate_6", "trainable": true, "axis": -1}, "name": "concatenate_6", "inbound_nodes": [[["bidirectional_2", 0, 2, {}], ["bidirectional_2", 0, 4, {}]]], "class_name": "Concatenate"}], "output_layers": [["concatenate_5", 0, 0], ["concatenate_6", 0, 0]]}, "backend": "tensorflow", "class_name": "Model", "keras_version": "2.2.2"}